Base_Aircraft_ICAO,Base_Aircraft_Name,Airframe_Internal_ID,Airframe_Name,Registration,Fin_Number,Engines,Max_Passengers,OEW_kgs,MZFW_kgs,MTOW_kgs,MLW_kgs,Max_Fuel_kgs,Default_Cruise,Default_Climb,Default_Descent,Comments
A148,Antonov An-148,3_1764962785765,Antonov An-148,P-671,671,D-436-148,73,21000,31850,41950,33112,11900,M80,250/320/77,77/320/250,JARDesign (X-Plane) - An-148-100B [credit: KevinAviationHD]
A225,Antonov An-225,A225,Antonov An-225,UR-82060,225,D-18T,38,628317,1198211,1410957,1212541,661386,,,,Default
A225,Antonov An-225,3_1677576294832,Antonov An-225,UR-82060,225,D-18T,38,285000,543499,639999,549999,300000,,,,iniBuilds (MSFS) - An-225
BCS1,A220-100,BCS1,A220-100,N201SB,201,PW1521G,135,77650,111000,134000,115500,38565,,,,Default
BCS3,A220-300,BCS3,A220-300,N203SB,203,PW1521G-3,160,81750,123000,149000,129500,38565,,,,Default
BCS3,A220-300,347385_1783098201479,A220-300,C-SYNC,220,PW1521G-3,140,81750,115608,154000,134500,38392,M78,250/275/78,78/275/250,Synaptic / iniBuilds (MSFS) - A220-300
A306,A300B4-600,A306,A300B4-600,N306SB,306,CF6-80C2A1,274,191198,286601,363763,304238,107299,,,,Default
A306,A300B4-600,347385_1702657155316,A300B4-600,G-INIB,IB,CF6-80C2A1,256,88805,130000,170500,140000,54530,CI,250/300/78,78/300/250,iniBuilds (MSFS) - A300-600R GE
A306,A300B4-600,347385_1711546435461,A300B4-600,G-INPW,PW,PW4158,256,88805,130000,170500,140000,54530,CI,250/300/78,78/300/250,iniBuilds (MSFS) - A300-600R PW
A3ST,A300F4-608ST,A3ST,A300F4-608ST,N308SB,308,CF6-80C2A8,5,198416,286601,337307,308647,109349,,,,Default
A30B,A300B4-200,A30B,A300B4-200,N302SB,302,CF6-50C2,269,195119,273373,363763,295419,107299,,,,Default
A306,A300F4-600R,A30F,A300F4-600R,N307SB,307,CF6-80C2A5,25,180880,286601,375888,308647,117958,,,,Default
A306,A300F4-600R,347385_1703262262270,A300F4-600R,G-INIB,IB,CF6-80C2A1,0,80000,130000,170662,140001,54530,CI,250/300/78,78/300/250,iniBuilds (MSFS) - A300-600RF GE
A306,A300F4-600R,347385_1711122593284,A300F4-600R,G-INPW,PW,PW4158,0,80000,130000,170662,140001,54530,CI,250/300/78,78/300/250,iniBuilds (MSFS) - A300-600RF PW
A310,A310-304,A310,A310-304,N314SB,314,CF6-80C2A2,240,192296,251370,346185,273420,133141,,,,Default
A310,A310-304,347385_1664536765275,A310-304,G-INIB,IB,CF6-80C2A2,238,80000,114000,153000,124000,60300,,,,iniBuilds (MSFS) - A310
A318,A318-100,A318,A318-100,N318SB,882,CFM56-5B9/P,136,82488,120152,149914,126766,42600,,,,Default
A319,A319-100,A319,A319-100,N319SB,194,CFM56-5B6/2P,145,93171,128970,168653,137789,42600,,,,Default
A319,A319-100,80_1722530034323,A319-112,G-SMOL,,CFM56-5B6,150,41910,58500,75500,62500,19004,CI,250/300/78,78/300/250,Fenix Simulations (MSFS) - A319 CFM
A319,A319-100,80_1738576840218,A319-115,G-SMOL,,CFM56-5B7,150,41910,58500,75500,62500,19004,CI,250/300/78,78/300/250,Fenix Simulations (MSFS) - A319 CFM (SL)
A319,A319-100,80_1722530055241,A319-132,G-SMOL,,IAE V2524-A5,150,41910,58500,75500,62500,19004,CI,250/300/78,78/300/250,Fenix Simulations (MSFS) - A319 IAE
A319,A319-100,80_1738576986208,A319-132,G-SMOL,,IAE V2524-A5,150,41910,58500,75500,62500,19004,CI,250/300/78,78/300/250,Fenix Simulations (MSFS) - A319 IAE (SL)
A319,A319-100,129100_1749416807301,A319-100,N319SB,194,CFM56-5B6/2P,50,93171,128970,166500,137789,55000,CI,250/300/78,78/300/250,LatinVFR (MSFS) - A319 ACJ
A319,A319-100,323617_1589463205,A319-112,C-GTLS,,CFM56-5B6,145,40823,58500,70000,62500,18660,CI,250/300/78,78/300/250,ToLiss (X-Plane) - CFM56-5B6 [credit: Rodeo314]
A319,A319-100,323617_1729902948611,A319-115,C-GTLS,,CFM56-5B7,145,40823,58500,70000,62500,18660,CI,250/300/78,78/300/250,ToLiss (X-Plane) - CFM56-5B7 [credit: Rodeo314]
A319,A319-100,323617_1589463246,A319-132,C-GTLS,,V2524-A5,145,40823,58500,70000,62500,18660,CI,250/300/78,78/300/250,ToLiss (X-Plane) - V2524-A5 [credit: Rodeo314]
A320,A320-200,A320,A320-200,N320SB,205,CFM56-5B4/P,180,96518,137789,171961,145505,42600,,,,Default
A320,A320-200,80_1709125568637,A320-214,G-FENX,,CFM56-5B4/P,180,44029,61000,73500,64500,19004,CI,250/300/78,78/300/250,Fenix Simulations (MSFS) - A320 CFM
A320,A320-200,80_1730058463659,A320-214,G-FENX,,CFM56-5B4/P,180,44029,61000,73500,64500,19004,CI,250/300/78,78/300/250,Fenix Simulations (MSFS) - A320 CFM (SL)
A320,A320-200,80_1707996202186,A320-232,G-FENX,,IAE V2527-A5,180,44029,61000,73500,64500,19004,CI,250/300/78,78/300/250,Fenix Simulations (MSFS) - A320 IAE
A320,A320-200,80_1730058455324,A320-232,G-FENX,,IAE V2527-A5,180,44029,61000,73500,64500,19004,CI,250/300/78,78/300/250,Fenix Simulations (MSFS) - A320 IAE (SL)
A320,A320-200,323617_1758458370325,A320-214,C-GTLT,,CFM56-5B4,188,43220,61000,77000,64500,18660,CI,250/300/78,78/300/250,ToLiss (X-Plane) - CFM56-5B4 [credit: Rodeo314]
A320,A320-200,323617_1758834801707,A320-232,C-GTLT,,V2527-A5,188,43220,61000,77000,64500,18660,CI,250/300/78,78/300/250,ToLiss (X-Plane) - V2527-A5 [credit: Rodeo314]
A20N,A320-200N,A20N,A320-200N,N251SB,251,LEAP-1A26,186,97751,141757,174165,148592,42145,,,,Default
A20N,A320-200N,337364_1631550522735,A320-251N,D-AFBW,,LEAP-1A26,174,42500,64300,79000,67400,19046,CI,250/300/78,78/300/250,FlyByWire (MSFS) - All Versions [credit: sidnov]
A20N,A320-200N,347385_1701976694015,A320-251N,G-INEO,EO,LEAP-1A26,180,42500,62800,79000,66300,19050,,,,iniBuilds (MSFS) - A320neo V2
A20N,A320-200N,323617_1678807119689,A320-251N,C-GTLT,,LEAP-1A26,188,44220,64300,79000,67400,18560,CI,250/300/78,78/300/250,ToLiss (X-Plane) - LEAP-1A26 [credit: Rodeo314]
A20N,A320-200N,323617_1678807316925,A320-271N,C-GTLT,,PW1127G-JM,188,44220,64300,79000,67400,18560,CI,250/300/78,78/300/250,ToLiss (X-Plane) - PW1127G-JM [credit: Rodeo314]
A321,A321-200,A321,A321-200,N321SB,219,CFM56-5B3/P,220,108441,162701,206132,171520,47100,,,,Default
A321,A321-200,80_1722529640343,A321-112,G-FBIG,,CFM56-5B3,230,49202,75600,93500,77800,18644,CI,250/300/78,78/300/250,Fenix Simulations (MSFS) - A321 CFM
A321,A321-200,80_1730059159445,A321-112,G-FBIG,,CFM56-5B3,230,49502,75600,93500,77800,20993,CI,250/300/78,78/300/250,Fenix Simulations (MSFS) - A321 CFM (1 ACT)
A321,A321-200,80_1730058817608,A321-112,G-FBIG,,CFM56-5B3,230,49802,75600,93500,77800,23342,CI,250/300/78,78/300/250,Fenix Simulations (MSFS) - A321 CFM (2 ACT)
A321,A321-200,80_1730059308794,A321-112,G-FBIG,,CFM56-5B3,230,49576,75600,93500,77800,18644,CI,250/300/78,78/300/250,Fenix Simulations (MSFS) - A321 CFM (SL)
A321,A321-200,80_1730059202090,A321-112,G-FBIG,,CFM56-5B3,230,49876,75600,93500,77800,20993,CI,250/300/78,78/300/250,"Fenix Simulations (MSFS) - A321 CFM (SL, 1 ACT)"
A321,A321-200,80_1730059217412,A321-112,G-FBIG,,CFM56-5B3,230,50176,75600,93500,77800,23342,CI,250/300/78,78/300/250,"Fenix Simulations (MSFS) - A321 CFM (SL, 2 ACT)"
A321,A321-200,80_1722529734976,A321-231,G-FBIG,,IAE V2533-A5,230,49202,75600,93500,77800,18644,CI,250/300/78,78/300/250,Fenix Simulations (MSFS) - A321 IAE
A321,A321-200,80_1730058526391,A321-231,G-FBIG,,IAE V2533-A5,230,49502,75600,93500,77800,20993,CI,250/300/78,78/300/250,Fenix Simulations (MSFS) - A321 IAE (1 ACT)
A321,A321-200,80_1730058602642,A321-231,G-FBIG,,IAE V2533-A5,230,49802,75600,93500,77800,23342,CI,250/300/78,78/300/250,Fenix Simulations (MSFS) - A321 IAE (2 ACT)
A321,A321-200,80_1730058652195,A321-231,G-FBIG,,IAE V2533-A5,230,49576,75600,93500,77800,18644,CI,250/300/78,78/300/250,Fenix Simulations (MSFS) - A321 IAE (SL)
A321,A321-200,80_1730058743243,A321-231,G-FBIG,,IAE V2533-A5,230,49876,75600,93500,77800,20993,CI,250/300/78,78/300/250,"Fenix Simulations (MSFS) - A321 IAE (SL, 1 ACT)"
A321,A321-200,80_1730058769925,A321-231,G-FBIG,,IAE V2533-A5,230,50176,75600,93500,77800,23342,CI,250/300/78,78/300/250,"Fenix Simulations (MSFS) - A321 IAE (SL, 2 ACT)"
A321,A321-200,2851_1750291932972,A321-211,SX-FSL,FSL,CFM56-5B3,220,50288,73800,93500,77800,18970,CI,250/300/78,78/300/250,FSLabs (MSFS) - A321-211 CFM (0 ACT)
A321,A321-200,2851_1750292528364,A321-211,SX-FSL,FSL,CFM56-5B3,220,50288,73800,93500,77800,21374,CI,250/300/78,78/300/250,FSLabs (MSFS) - A321-211 CFM (1 ACT)
A321,A321-200,2851_1750292465869,A321-211,SX-FSL,FSL,CFM56-5B3,220,50288,73800,93500,77800,23770,CI,250/300/78,78/300/250,FSLabs (MSFS) - A321-211 CFM (2 ACT)
A321,A321-200,2851_1750291983114,A321-211,SL-FSL,FSL,CFM56-5B3,220,50288,73800,93500,77800,18970,CI,250/300/78,78/300/250,"FSLabs (MSFS) - A321-211 CFM (SL, 0 ACT)"
A321,A321-200,2851_1750292271630,A321-211,SL-FSL,FSL,CFM56-5B3,220,50288,73800,93500,77800,21374,CI,250/300/78,78/300/250,"FSLabs (MSFS) - A321-211 CFM (SL, 1 ACT)"
A321,A321-200,2851_1750292386034,A321-211,SL-FSL,FSL,CFM56-5B3,220,50288,73800,93500,77800,23770,CI,250/300/78,78/300/250,"FSLabs (MSFS) - A321-211 CFM (SL, 2 ACT)"
A321,A321-200,2851_1750291782559,A321-231,SX-FSL,FSL,IAE V2533-A5,220,50288,73800,93500,77800,18970,CI,250/300/78,78/300/250,FSLabs (MSFS) - A321-231 IAE (0 ACT)
A321,A321-200,2851_1750291601695,A321-231,SX-FSL,FSL,IAE V2533-A5,220,50288,73800,93500,77800,21374,CI,250/300/78,78/300/250,FSLabs (MSFS) - A321-231 IAE (1 ACT)
A321,A321-200,2851_1750291537302,A321-231,SX-FSL,FSL,IAE V2533-A5,220,50288,73800,93500,77800,23770,CI,250/300/78,78/300/250,FSLabs (MSFS) - A321-231 IAE (2 ACT)
A321,A321-200,2851_1750291646993,A321-231,SL-FSL,FSL,IAE V2533-A5,220,50288,73800,93500,77800,18970,CI,250/300/78,78/300/250,"FSLabs (MSFS) - A321-231 IAE (SL, 0 ACT)"
A321,A321-200,2851_1750291624879,A321-231,SL-FSL,FSL,IAE V2533-A5,220,50288,73800,93500,77800,21374,CI,250/300/78,78/300/250,"FSLabs (MSFS) - A321-231 IAE (SL, 1 ACT)"
A321,A321-200,2851_1750291497084,A321-231,SL-FSL,FSL,IAE V2533-A5,220,50288,73800,93500,77800,23770,CI,250/300/78,78/300/250,"FSLabs (MSFS) - A321-231 IAE (SL, 2 ACT)"
A321,A321-200,129100_1740749042728,A321-200,N321SB,219,CFM56-5B3/P,25,108441,162701,206132,171520,47100,CI,250/300/78,78/300/250,LatinVFR (MSFS) - A321P2F
A321,A321-200,323617_1589463290,A321-211,C-GTLU,,CFM56-5B3,220,47780,73800,93000,77800,18540,CI,250/300/78,78/300/250,ToLiss (X-Plane) - CFM56-5B3 - 0 ACT [credit: Rodeo314]
A321,A321-200,323617_1589463332,A321-211,C-GTLU,,CFM56-5B3,220,47780,73800,93000,77800,23240,CI,250/300/78,78/300/250,ToLiss (X-Plane) - CFM56-5B3 - 2 ACT [credit: Rodeo314]
A321,A321-200,323617_1589463349,A321-231,C-GTLU,,V2533-A5,220,47780,73800,93000,77800,18540,CI,250/300/78,78/300/250,ToLiss (X-Plane) - V2533-A5 - 0 ACT [credit: Rodeo314]
A321,A321-200,323617_1589463385,A321-231,C-GTLU,,V2533-A5,220,47780,73800,93000,77800,23240,CI,250/300/78,78/300/250,ToLiss (X-Plane) - V2533-A5 - 2 ACT [credit: Rodeo314]
A21N,A321-200N,A21N,A321-200N,N261SB,261,LEAP-1A32,220,110581,166669,206132,174606,52166,,,,Default
A21N,A321-200N,2851_1749606976699,A321-252NX,SN-FSL,FSL,LEAP-1A30,235,50288,75600,89000,79200,18970,CI,250/300/78,78/300/250,FSLabs (MSFS) - A321-252NX LEAP-30 (0 ACT)
A21N,A321-200N,2851_1750291086282,A321-252NX,SN-FSL,FSL,LEAP-1A30,235,50288,75600,89000,79200,21374,CI,250/300/78,78/300/250,FSLabs (MSFS) - A321-252NX LEAP-30 (1 ACT)
A21N,A321-200N,2851_1750291117706,A321-252NX,SN-FSL,FSL,LEAP-1A30,235,50288,75600,89000,79200,23770,CI,250/300/78,78/300/250,FSLabs (MSFS) - A321-252NX LEAP-30 (2 ACT)
A21N,A321-200N,2851_1750290541399,A321-251NX,SN-FSL,FSL,LEAP-1A32,235,50288,73800,93500,77800,18970,CI,250/300/78,78/300/250,FSLabs (MSFS) - A321-251NX LEAP-32 (0 ACT)
A21N,A321-200N,2851_1750290441999,A321-251NX,SN-FSL,FSL,LEAP-1A32,235,50288,73800,93500,77800,21374,CI,250/300/78,78/300/250,FSLabs (MSFS) - A321-251NX LEAP-32 (1 ACT)
A21N,A321-200N,2851_1750290502974,A321-251NX,SN-FSL,FSL,LEAP-1A32,235,50288,73800,93500,77800,23770,CI,250/300/78,78/300/250,FSLabs (MSFS) - A321-251NX LEAP-32 (2 ACT)
A21N,A321-200N,2851_1750290866415,A321-251NX(LR),SN-FSL,FSL,LEAP-1A32,157,50395,75600,97000,79200,26166,CI,250/300/78,78/300/250,"FSLabs (MSFS) - A321-251NX LEAP-32 (LR, 3 ACT)"
A21N,A321-200N,2851_1750290319479,A321-253NX,SN-FSL,FSL,LEAP-1A33,235,50288,73800,93500,77800,18970,CI,250/300/78,78/300/250,FSLabs (MSFS) - A321-253NX LEAP-33 (0 ACT)
A21N,A321-200N,2851_1750289121067,A321-253NX,SN-FSL,FSL,LEAP-1A33,235,50288,73800,93500,77800,21374,CI,250/300/78,78/300/250,FSLabs (MSFS) - A321-253NX LEAP-33 (1 ACT)
A21N,A321-200N,2851_1750288221017,A321-253NX,SN-FSL,FSL,LEAP-1A33,235,50288,73800,93500,77800,23770,CI,250/300/78,78/300/250,FSLabs (MSFS) - A321-253NX LEAP-33 (2 ACT)
A21N,A321-200N,2851_1745333183429,A321-253NX(LR),SN-FSL,FSL,LEAP-1A33,157,50395,75600,97000,79200,26166,CI,250/300/78,78/300/250,"FSLabs (MSFS) - A321-253NX LEAP-33 (LR, 3 ACT)"
A21N,A321-200N,2851_1750293290397,A321-272NX,SN-FSL,FSL,PW1130G-JM,239,50395,75600,97000,79200,18970,CI,250/300/78,78/300/250,FSLabs (MSFS) - A321-272NX PW1130G (0 ACT)
A21N,A321-200N,2851_1750293267242,A321-272NX,SN-FSL,FSL,PW1130G-JM,239,50395,75600,97000,79200,21374,CI,250/300/78,78/300/250,FSLabs (MSFS) - A321-272NX PW1130G (1 ACT)
A21N,A321-200N,2851_1750293233139,A321-272NX,SN-FSL,FSL,PW1130G-JM,239,50395,75600,97000,79200,23770,CI,250/300/78,78/300/250,FSLabs (MSFS) - A321-272NX PW1130G (2 ACT)
A21N,A321-200N,2851_1750293193281,A321-272NX(LR),SN-FSL,FSL,PW1130G-JM,239,50395,75600,97000,79200,26166,CI,250/300/78,78/300/250,"FSLabs (MSFS) - A321-272NX PW1130G (LR, 3 ACT)"
A21N,A321-200N,2851_1750293323576,A321-271NX,SN-FSL,FSL,PW1133G-JM,239,50395,75600,97000,79200,18970,CI,250/300/78,78/300/250,FSLabs (MSFS) - A321-271NX PW1133G (0 ACT)
A21N,A321-200N,2851_1750293345048,A321-271NX,SN-FSL,FSL,PW1133G-JM,239,50395,75600,97000,79200,21374,CI,250/300/78,78/300/250,FSLabs (MSFS) - A321-271NX PW1133G (1 ACT)
A21N,A321-200N,2851_1750293386886,A321-271NX,SN-FSL,FSL,PW1133G-JM,239,50395,75600,97000,79200,23770,CI,250/300/78,78/300/250,FSLabs (MSFS) - A321-271NX PW1133G (2 ACT)
A21N,A321-200N,2851_1750293052836,A321-271NX(LR),SN-FSL,FSL,PW1133G-JM,157,50395,75600,97000,79200,26166,CI,250/300/78,78/300/250,"FSLabs (MSFS) - A321-271NX PW1133G (LR, 3 ACT)"
A21N,A321-200N,347385_1706702257237,A321-251N,G-NELR,261,LEAP-1A32,220,46600,75600,93500,79200,25860,CI,250/300/78,78/300/250,iniBuilds (MSFS) - A321LR LEAP-1A
A21N,A321-200N,323617_1607699906393,A321-253N,C-GTLU,,LEAP-1A33,244,49580,75600,93500,79200,18440,CI,250/300/78,78/300/250,ToLiss (X-Plane) - LEAP-1A33 - 0 ACT [credit: Rodeo314]
A21N,A321-200N,323617_1607700968900,A321-253NX,C-GTLU,,LEAP-1A33,244,49580,75600,97000,79200,25800,CI,250/300/78,78/300/250,ToLiss (X-Plane) - LEAP-1A33 - LR 3 ACT [credit: Rodeo314]
A21N,A321-200N,323617_1607700454960,A321-253NY,C-GTLU,,LEAP-1A33,244,49780,75600,101000,79200,28580,CI,250/300/78,78/300/250,ToLiss (X-Plane) - LEAP-1A33 - XLR 1 ACT [credit: Rodeo314]
A21N,A321-200N,323617_1607699814906,A321-272N,C-GTLU,,PW1130G-JM,244,49580,75600,93500,79200,18440,CI,250/300/78,78/300/250,ToLiss (X-Plane) - PW1130G-JM - 0 ACT [credit: Rodeo314]
A21N,A321-200N,323617_1607700970983,A321-272NX,C-GTLU,,PW1130G-JM,244,49580,75600,97000,79200,25800,CI,250/300/78,78/300/250,ToLiss (X-Plane) - PW1130G-JM - LR 3 ACT [credit: Rodeo314]
A21N,A321-200N,323617_1607700491750,A321-272NY,C-GTLU,,PW1130G-JM,244,49780,75600,101000,79200,28580,CI,250/300/78,78/300/250,ToLiss (X-Plane) - PW1130G-JM - XLR 1 ACT [credit: Rodeo314]
A332,A330-200,A332,A330-200,N315SB,315,CF6-80E1A4,293,270254,374785,513676,401241,245312,,,,Default
A332,A330-200,347385_1685113571749,A330-200,G-CCBG,332,CF6-80E1A4,257,116000,168000,230000,180000,109176,CI,250/300/80,80/300/250,iniBuilds (MSFS) - A330-200 GE
A332,A330-200,347385_1685114003147,A330-200,G-CCBR,332,RR TRENT 700,257,116000,168000,230000,180000,109176,CI,250/300/80,80/300/250,iniBuilds (MSFS) - A330-200 RR
A332,A330-200,129100_1749577263843,A330-200F,N315SB,315,TRENT 772B-60,25,270254,374785,513676,401241,172013,CI,250/300/80,80/300/250,LatinVFR (MSFS) - A330-200F
A333,A330-300,A333,A330-300,N339SB,339,TRENT 772,335,280655,385809,513676,412264,172013,,,,Default
A333,A330-300,347385_1731589289356,A330-300,G-CCCG,333,CF6-80E1A4,291,121000,175000,233000,187000,76551,CI,250/300/80,80/300/250,iniBuilds (MSFS) - A330-300 GE
A333,A330-300,347385_1685113731446,A330-300,G-CCCR,333,TRENT 772B,291,121000,175000,233000,187000,76551,CI,250/300/80,80/300/250,iniBuilds (MSFS) - A330-300 RR
A333,A330-300,347385_1685113942179,A330-300P2F,G-CCCG,333,GE CF6-80,3,121000,170000,233000,182000,78315,CI,250/300/80,80/300/250,iniBuilds (MSFS) - A330-300P2F GE
A333,A330-300,347385_1731510990025,A330-300P2F,G-CCCG,333,RR TRENT 700,3,121000,170000,233000,182000,78315,CI,250/300/80,80/300/250,iniBuilds (MSFS) - A330-300P2F RR
A338,A330-800,A338,A330-800,N338SB,338,TRENT 7000-72,293,287701,388013,533519,410060,245313,,,,Default
A339,A330-900,A339,A330-900,N339SB,339,TRENT 7000-72,335,297829,399037,533519,421083,245313,,,,Default
A339,A330-900,352855_1683790837790,A330-900,F-WTTN,339,TRENT 7000-72,436,127000,181000,251000,191000,111665,CI,250/300/80,80/300/250,Headwind Simulations (MSFS) - A339X
A339,A330-900,352855_1683790837791,A330-900 ACJ,F-WTTE,339,TRENT 7000-72,90,134500,181000,251000,191000,111665,,,,Headwind Simulations (MSFS) - A339X ACJ
A339,A330-900,129100_1697753848191,A330-900,N339SB,339,TRENT 7000-72,335,135093,181000,250837,191000,111272,CI,250/300/80,80/300/250,LatinVFR (MSFS) - A330-900
A339,A330-900,323617_1726875371708,A330-941,C-GTLZ,,TRENT 7000-72,375,134500,181000,251000,191000,109186,CI,250/300/80,80/300/250,ToLiss (X-Plane) - TRENT 7000-72 [credit: Rodeo314]
A342,A340-200,A342,A340-200,N342SB,342,CFM56-5C2,261,291111,372581,573201,399036,243395,,,,Default
A343,A340-300,A343,A340-300,N343SB,343,CFM56-5C4,277,293612,392422,597452,418878,241406,,,,Default
A343,A340-300,347385_1755171348076,A340-300,G-DRYR,YR,CFM56-5C4,279,123000,183000,276424,192000,113200,CI,250/300/78,82/300/250,iniBuilds (MSFS) - A340-300 Passenger
A343,A340-300,347385_1756913537697,A340-300,G-HDRY,RY,CFM56-5C4,0,123000,183000,276424,192000,113200,CI,250/300/78,82/300/250,iniBuilds (MSFS) - A340-300 Preighter
A343,A340-300,20583_1767657799590,A340-300,G-VVIP,IP,CFM56-5C4,55,123000,183000,276424,192000,113200,CI,250/300/78,82/300/250,iniBuilds (MSFS) - A340-300 VIP
A343,A340-300,129100_1715004714492,A340-300,N343SB,343,CFM56-5C4,277,133180,178000,276500,192000,109500,,,,LatinVFR (MSFS) - A340-300
A345,A340-500,A345,A340-500,N542SB,542,TRENT 556-61,375,387558,511472,837756,542337,380465,,,,Default
A346,A340-600,A346,A340-600,N634SB,634,TRENT 556-61,440,402522,553360,837756,584225,361600,,,,Default
A346,A340-600,38898_1772717739162,A340-600,D-AERO,,TRENT 556B-61,440,185500,245000,368000,259000,152024,CI,250/320/82,82/300/250,Aerosoft (MSFS) - A340-600 Pro (Standard Gross Weight)
A346,A340-600,38898_1772717851553,A340-600,D-AERO,,TRENT 556B-61,440,185500,251000,380000,265000,152024,CI,250/320/82,82/300/250,Aerosoft (MSFS) - A340-600 Pro (High Gross Weight)
A346,A340-600,323617_1638576526372,A340-642,C-GTLD,,TRENT 556B-61,440,185500,245000,368000,259000,152024,CI,250/320/82,82/300/250,ToLiss (X-Plane) - Standard Gross Weight [credit: Rodeo314]
A346,A340-600,323617_1638578208335,A340-642,C-GTLD,,TRENT 556B-61,440,185500,251000,380000,265000,152024,CI,250/320/82,82/300/250,ToLiss (X-Plane) - High Gross Weight [credit: Rodeo314]
A359,A350-900,A359,A350-900,N359SB,359,TRENT XWB-84,315,312567,431445,590839,456357,238827,,,,Default
A359,A350-900,347385_1734345124322,A350-900,G-NXWB,WB,TRENT XWB-84,324,140000,196112,283000,207000,110523,CI,250/320/85,85/300/250,iniBuilds (MSFS) - A350-900
A359,A350-900,347385_1749476755253,A350-900ULR,G-NULR,LR,TRENT XWB-84,161,140000,192000,280000,205000,130693,CI,250/320/85,85/300/250,iniBuilds (MSFS) - A350-900ULR
A35K,A350-1000,A35K,A350-1000,N360SB,360,TRENT XWB-97,369,348567,485017,679024,513677,269978,,,,Default
A35K,A350-1000,347385_1734345584724,A350-1000,G-KXWB,WB,TRENT XWB-97,367,155000,223000,322000,236000,124651,CI,250/320/85,85/300/250,iniBuilds (MSFS) - A350-1000
A388,A380-800,A388,A380-800,N388SB,388,TRENT 970-84,471,628317,813505,1267657,870825,559937,,,,Default
A388,A380-800,572703_1747030762094,A380-842,D8-FBW,,TRENT 972B-84,484,300007,373000,509999,395000,259755,CI,250/320/84,85/300/250,FlyByWire (MSFS) - All Versions [credit: FlyByWire]
A388,A380-800,347385_1779789450357,A380-861,G-NRMS,MS,EA GP7270,484,628000,813505,1267658,870825,559936,CI,250/320/84,85/300/250,iniBuilds (MSFS) - A380 Airliner EA
A388,A380-800,347385_1768567000565,A380-842,G-HUGE,GE,TRENT 972-84,484,628000,813505,1267658,870825,559936,CI,250/320/84,85/300/250,iniBuilds (MSFS) - A380 Airliner RR
A388,A380-800,129100_1781880561096,A380-800,N388SB,388,TRENT 970-84,471,285000,369000,574999,395000,253983,CI,250/320/84,85/300/250,LatinVFR (MSFS) - A380-800
AC11,Commander 114,AC11,Commander 114,N114SB,114,IO-540-T4B5D,3,2060,3140,3140,3140,409,,,,Default
AC11,Commander 114 TN,AC1T,Commander 114 TN,N115SB,115,IO-540-TN,3,2135,3140,3140,3140,409,,,,Default
AEST,Aerostar 600,AEST,Aerostar 600,N600SB,600,IO-540-G1B5,5,4080,5500,5500,5500,993,,,,Default
AT43,ATR-42-300,AT43,ATR-42-300,N423SB,423,PW120,48,24030,34259,37257,36146,9921,,,,Default
AT45,ATR-42-500,AT45,ATR-42-500,N425SB,425,PW127E,48,25794,36817,41005,40344,9921,,,,Default
AT46,ATR-42-600,AT46,ATR-42-600,N426SB,426,PW127M,48,25794,36817,41005,40344,9921,,,,Default
AT46,ATR-42-600,349674_1682505597349,ATR-42-600,HH426,,PW127XT-M,48,26025,37478,41005,40344,10221,,,,Microsoft (MSFS) - ATR 42 - Economy [credit: Awemeter]
AT46,ATR-42-600,349674_1691977400383,ATR-42-600,HH426,,PW127XT-M,18,26025,37440,40970,40310,10221,,,,Microsoft (MSFS) - ATR 42 - HighLine [credit: Awemeter]
AT72,ATR-72-201,AT72,ATR-72-201,N722SB,722,PW124B,66,28660,44092,48501,47068,11023,,,,Default
AT73,ATR-72-211,AT73,ATR-72-211,N723SB,723,PW127,66,28799,44092,48501,47068,11023,,,,Default
AT75,ATR-72-500,AT75,ATR-72-500,N725SB,725,PW127F,68,29982,45855,50265,49272,11023,,,,Default
AT76,ATR-72-600,AT76,ATR-72-600,N726SB,726,PW127M,70,29762,46296,50705,49272,11023,,,,Default
AT76,ATR-72-600,349674_1682504211078,ATR-72-600,HH726,,PW127XT-M,68,29410,46296,50705,49272,11296,,,,Microsoft (MSFS) - ATR 72 - Economy [credit: Awemeter]
AT76,ATR-72-600,349674_1691977209082,ATR-72-600,HH726,,PW127XT-M,28,29410,46260,50660,49230,11296,,,,Microsoft (MSFS) - ATR 72 - HighLine [credit: Awemeter]
B190,B1900D,B190,B1900D,N190SB,192,PT6A-67D,18,10697,15165,17120,16795,4484,,,,Default
B350,King Air 350,B350,King Air 350,N070SB,070,PT6A-60A,12,9970,12500,15000,15000,3600,,,,Default
B461,BAe 146-100,B461,BAe 146-100,N461SB,461,ALF 502R-5,82,51341,65000,76000,72350,20640,,,,Default
B461,BAe 146-100,3_1716156805628,BAe 146-100,G-JUST,,ALF 502R-5,80,53150,68500,84000,77500,22840,,,,Just Flight (MSFS) - BAe 146-100
B461,BAe 146-100,3_1716156807788,BAe 146-100 CC2,G-JUST,,ALF 502R-5,15,53150,68500,84000,77500,22840,,,,Just Flight (MSFS) - BAe 146-100 CC2
B461,BAe 146-100,624280_1747730906065,BAe 146-100,G-JUST,,ALF 502R-5,80,49000,68500,84000,77500,20640,M70,HighSpeed,HighSpeed,Just Flight (X-Plane) - BAe 146-100
B461,BAe 146-100,624280_1747731119715,BAe 146-100 CC2,G-JUST,,ALF 502R-5,15,49000,68500,84000,77500,20559,M70,HighSpeed,HighSpeed,Just Flight (X-Plane) - BAe 146-100 CC2
B462,BAe 146-200,B462,BAe 146-200,N462SB,462,ALF 502R-5,100,52650,71000,89500,77500,20640,,,,Default
B462,BAe 146-200,3_1716156809270,BAe 146-200,G-JUST,,ALF 502R-5,112,55040,76600,93000,81000,22840,,,,Just Flight (MSFS) - BAe 146-200
B462,BAe 146-200,3_1716156811219,BAe 146-200 QC/QT,G-JUST,,ALF 502R-5,0,54910,76600,93000,81000,22840,,,,Just Flight (MSFS) - BAe 146-200 QC/QT
B462,BAe 146-200,624280_1747731390543,BAe 146-200,G-JUST,,ALF 502R-5,112,50400,76600,93000,81000,20640,M70,HighSpeed,HighSpeed,Just Flight (X-Plane) - BAe 146-200
B462,BAe 146-200,624280_1747731507648,BAe 146-200 QC/QT,G-JUST,,ALF 502R-5,0,50400,76600,93000,81000,20559,M70,HighSpeed,HighSpeed,Just Flight (X-Plane) - BAe 146-200 QC/QT
B463,BAe 146-300,B463,BAe 146-300,N463SB,463,ALF 502R-5,112,54850,77500,95000,83000,20640,,,,Default
B463,BAe 146-300,3_1716156812814,BAe 146-300,G-JUST,,ALF 502R-5,128,57340,80500,99500,86500,22840,,,,Just Flight (MSFS) - BAe 146-300
B463,BAe 146-300,3_1716156814472,BAe 146-300 QT,G-JUST,,ALF 502R-5,0,57210,80500,99500,86500,22840,,,,Just Flight (MSFS) - BAe 146-300 QT
B463,BAe 146-300,624280_1747731697567,BAe 146-300,G-JUST,,ALF 502R-5,112,54229,80500,95000,86500,20360,M70,HighSpeed,HighSpeed,Just Flight (X-Plane) - BAe 146-300
B463,BAe 146-300,624280_1747731649483,BAe 146-300 QT,G-JUST,,ALF 502R-5,0,54229,80500,95000,86500,20360,M70,HighSpeed,HighSpeed,Just Flight (X-Plane) - BAe 146-300 QT
B703,B707-320C,B703,B707-320C,N703SB,703,JT3D-3B,194,155100,230000,333600,247000,160000,,,,Default
B712,B717-200,B712,B717-200,N716SB,716,BR715-C1-30,134,68142,100500,121000,110000,26121,,,,Default
B721,B727-100,B721,B727-100,N297SB,297,JT8D-7,125,89211,123500,169000,142500,51460,,,,Default
B721,B727-100,13743_1767729764150,B727-100,HB-PAX,721,JT8D-9,125,81730,120330,161000,142500,51456,M80,250/300/80,80/300/250,FlightSim Studio (MSFS) - B727-100 Passenger
B721,B727-100,13743_1767731200279,B727-100F,HB-FRE,721,JT8D-9,0,79300,115800,161000,142500,51456,M80,250/300/80,80/300/250,FlightSim Studio (MSFS) - B727-100 Freighter
B721,B727-100,13743_1767731944178,B727-100 Super 27,HB-SUP,721,JT8D-217C,125,81730,120330,161000,142500,51456,M80,250/300/80,80/300/250,FlightSim Studio (MSFS) - B727-100 Super 27
B722,B727-200,B722,B727-200,N299SB,299,JT8D-15A,155,101756,144000,209500,161000,70920,,,,Default
B722,B727-200,13743_1740753189322,B727-200,HB-PAX,,JT8D-9,189,44330,61700,78100,68100,24586,M80,250/300/80,80/300/250,FlightSim Studio (MSFS) - B727-200 Passenger
B722,B727-200,1356_1722930814775,B727-200F,HB-FSS,,JT8D-9,0,93269,143999,194800,160999,54203,M80,250/300/80,80/300/250,FlightSim Studio (MSFS) - B727-200 Freighter
R722,B727-200 Super 27,R722,B727-200 Super 27,N297SB,297,JT8D-17A/-217C,155,101756,144000,209500,161000,70920,,,,Default
R722,B727-200 Super 27,1356_1758535467713,B727-200RE Super 27,HB-FSS,,JT8D-17A/-217C,155,93269,136000,194800,161000,54200,M80,250/310/78,80/280/250,FlightSim Studio (MSFS) - B727-200RE Passenger
R722,B727-200 Super 27,1356_1758535623954,B727-200RE Super 27,HB-FSS,,JT8D-17A/-217C,0,93269,136000,194800,161000,54200,M80,250/310/78,80/280/250,FlightSim Studio (MSFS) - B727-200RE Freighter
B732,B737-200,B732,B737-200,N275SB,275,JT8D-15A,130,65288,95000,117000,105000,34572,,,,Default
B733,B737-300,B733,B737-300,N372SB,372,CFM56-3B2,128,73431,109600,139500,116600,42177,,,,Default
B733,B737-300,3_1780242578827,B737-300,A6CSS,320,CFM56-3B2,148,33267,47627,59874,51709,16200,CI,250/280/74,74/280/250,CSS (MSFS) - 737 Classic 20K
B733,B737-300,3_1780242544999,B737-300,A6CSS,322,CFM56-3B2,148,33267,47627,62822,51709,16200,CI,250/280/74,74/280/250,CSS (MSFS) - 737 Classic 22K
B734,B737-400,B734,B737-400,N374SB,374,CFM56-3C1,146,75866,117000,150000,124000,42177,,,,Default
B734,B737-400,3_1780242519791,B737-400,A6CSS,422,CFM56-3C1,168,35513,51255,64636,54884,16200,CI,250/280/74,74/280/250,CSS (MSFS) - 737 Classic 22K
B734,B737-400,3_1780242478061,B737-400,A6CSS,423,CFM56-3C1,168,35513,53070,68038,56245,16200,CI,250/280/74,74/280/250,CSS (MSFS) - 737 Classic 23.5K
B735,B737-500,B735,B737-500,N374SB,374,CFM56-3B1,108,70926,103000,136000,110000,42177,,,,Default
B735,B737-500,720866_1731619770917,B737-500,A6CSS,13091,CFM56-3B1,132,33267,46720,60554,49895,16100,CI,250/280/74,74/280/250,CSS (MSFS) - 737 Classic
B736,B737-600,B736,B737-600,N616SB,616,CFM56-7B22,149,82115,113500,143500,120500,46100,,,,Default
B736,B737-600,746599_1776108256665,B737-600,N736PM,616,CFM56-7B22,112,82075,114500,145000,121500,46057,CI,250/280/78,78/280/250,PMDG (MSFS) - Dual Class [credit: PMDG Official]
B736,B737-600,746599_1776107880103,B737-600,N736PM,616,CFM56-7B22,114,82075,114500,145000,121500,46057,CI,250/280/78,78/280/250,PMDG (MSFS) - Single Class [credit: PMDG Official]
B737,B737-700,B737,B737-700,N714SB,714,CFM56-7B24,149,84119,121700,154500,129200,46100,,,,Default
B737,B737-700,746599_1776105415884,B737-700,N737BW,714,CFM56-7B24,124,84875,121700,155000,129200,46057,CI,250/280/78,78/280/250,PMDG (MSFS) - Dual Class [credit: PMDG Official]
B737,B737-700,746599_1776104910153,B737-700,N737BW,714,CFM56-7B24,132,84875,121700,155000,129200,46057,CI,250/280/78,78/280/250,PMDG (MSFS) - Single Class [credit: PMDG Official]
B737,B737-700,746599_1776105831135,B737-700BDSF,N737BW,714,CFM56-7B24,4,77080,121700,155000,129200,46057,CI,250/280/78,78/280/250,PMDG (MSFS) - BEDEK Special Freighter [credit: PMDG Official]
B737,B737 BBJ,BBJ1,B737 BBJ,N700SB,700,CFM56-7B27,63,94955,126000,171000,134000,72100,,,,Default
B737,B737 BBJ,746599_1776106166341,B737 BBJ,N737BS,700,CFM56-7B27,30,96625,126000,171500,134000,46056,CI,250/280/78,78/280/250,PMDG (MSFS) - 0 Aux Tanks [credit: PMDG Official]
B737,B737 BBJ,746599_1776106520541,B737 BBJ,N737BS,700,CFM56-7B27,30,96625,126000,171500,134000,71662,CI,250/280/78,78/280/250,PMDG (MSFS) - 9 Aux Tanks [credit: PMDG Official]
B738,B737-800,B738,B737-800,N806SB,806,CFM56-7B26,184,91894,138300,174200,146300,46100,,,,Default
B738,B737-800,746599_1761165451022,B737-800,N738PM,806,CFM56-7B26,163,93175,138300,174900,146300,46062,CI,250/280/78,78/280/250,PMDG (MSFS) - Dual Class [credit: PMDG Official]
B738,B737-800,746599_1761165330356,B737-800,N738PM,806,CFM56-7B26,174,93175,138300,174900,146300,46062,CI,250/280/78,78/280/250,PMDG (MSFS) - Single Class [credit: PMDG Official]
B738,B737-800,746599_1761163464850,B737-800,N738PM,806,CFM56-7B26,189,93175,138300,174900,146300,46062,CI,250/280/78,78/280/250,PMDG (MSFS) - High Density [credit: PMDG Official]
B738,B737-800,746599_1761167330749,B737-800BCF,N738BS,806,CFM56-7B26,0,87375,138300,174700,146300,46062,CI,250/280/78,78/280/250,PMDG (MSFS) - Boeing Converted Freighter [credit: PMDG Official]
B738,B737-800,746599_1761168575251,B737-800BDSF,N738BF,806,CFM56-7B26,0,87375,138300,174700,146300,46062,CI,250/280/78,78/280/250,PMDG (MSFS) - BEDEK Special Freighter [credit: PMDG Official]
B738,B737-800,223254_1615396809795,B737-800,PH-BGC,806,CFM56-7B26,160,41880,61960,79239,66361,20894,CI,250/280/78,78/280/250,ProSim (MSFS) - B737-800 [credit: DaddyBoon]
B738,B737 BBJ2,BBJ2,B737 BBJ2,N800SB,800,CFM56-7B27,63,101949,138300,174200,146300,70400,,,,Default
B738,B737 BBJ2,746599_1761168101361,B737 BBJ2,N738BA,800,CFM56-7B27,48,102187,138300,174700,146300,46057,CI,250/280/78,78/280/250,PMDG (MSFS) - 0 Aux Tanks [credit: PMDG Official]
B738,B737 BBJ2,746599_1761166870912,B737 BBJ2,N738BA,800,CFM56-7B27,48,102187,138300,174700,146300,69980,CI,250/280/78,78/280/250,PMDG (MSFS) - 7 Aux Tanks [credit: PMDG Official]
B38M,B737 MAX 8,B38M,B737 MAX 8,N808SB,808,LEAP-1B28,189,96560,145400,182200,152800,45694,,,,Default
B38M,B737 MAX 8,3689_1764482331551,B737 MAX 8,B-2131,809,LEAP-1B28,166,45069,65952,82190,69308,20730,CI,250/280/78,78/280/250,iFly (MSFS) - 737 MAX 8 - 166 Seats (KG)
B38M,B737 MAX 8,3689_1763994649133,B737 MAX 8,B-2131,809,LEAP-1B28,166,99360,145400,181200,152800,45694,CI,250/280/78,78/280/250,iFly (MSFS) - 737 MAX 8 - 166 Seats (LBS)
B38M,B737 MAX 8,3689_1764487256314,B737 MAX 8,B-2131,809,LEAP-1B28,178,45069,65952,82190,69308,20730,CI,250/280/78,78/280/250,iFly (MSFS) - 737 MAX 8 - 178 Seats (KG)
B38M,B737 MAX 8,3689_1763995735874,B737 MAX 8,B-2131,809,LEAP-1B28,178,99360,145400,181200,152800,45694,CI,250/280/78,78/280/250,iFly (MSFS) - 737 MAX 8 - 178 Seats (LBS)
B38M,B737 MAX 8,3689_1764487349143,B737 MAX 8,B-2131,809,LEAP-1B28,189,45069,65952,82190,69308,20730,CI,250/280/78,78/280/250,iFly (MSFS) - 737 MAX 8 - 189 Seats (KG)
B38M,B737 MAX 8,3689_1725692397016,B737 MAX 8,B-2131,809,LEAP-1B28,189,99360,145400,181200,152800,45694,CI,250/280/78,78/280/250,iFly (MSFS) - 737 MAX 8 - 189 Seats (LBS)
B38M,B737 MAX 8,3689_1764487744441,B737 MAX 8,B-2131,809,LEAP-1B28,197,45069,65952,82190,69308,20730,CI,250/280/78,78/280/250,iFly (MSFS) - 737 MAX 8200 - 197 Seats (KG)
B38M,B737 MAX 8,3689_1763994784760,B737 MAX 8,B-2131,809,LEAP-1B28,197,99360,145400,181200,152800,45694,CI,250/280/78,78/280/250,iFly (MSFS) - 737 MAX 8200 - 197 Seats (LBS)
B739,B737-900,B739,B737-900,N922SB,922,CFM56-7B26,189,100271,149300,187700,157300,46100,,,,Default
B739,B737-900,746599_1768333575205,B737-900,N922SB,922,CFM56-7B26,178,96725,140300,174700,146300,46056,CI,250/280/78,78/280/250,PMDG (MSFS) - Dual Class [credit: PMDG Official]
B739,B737-900,746599_1768330219336,B737-900,N922SB,922,CFM56-7B26,188,96725,140300,174700,146300,46056,CI,250/280/78,78/280/250,PMDG (MSFS) - Single Class [credit: PMDG Official]
B739,B737-900,746599_1768334576522,B737-900ER,N922SB,922,CFM56-7B27,179,100370,149300,188200,157300,46057,CI,250/280/78,78/280/250,PMDG (MSFS) - ER 0 Aux Tank - Dual Class [credit: PMDG Official]
B739,B737-900,746599_1768335405681,B737-900ER,N922SB,922,CFM56-7B27,204,100370,149300,188200,157300,46057,CI,250/280/78,78/280/250,PMDG (MSFS) - ER 0 Aux Tank - Single Class [credit: PMDG Official]
B739,B737-900,746599_1768334311448,B737-900ER,N922SB,922,CFM56-7B27,215,100370,149300,188200,157300,46057,CI,250/280/78,78/280/250,PMDG (MSFS) - ER 0 Aux Tank - High Density [credit: PMDG Official]
B739,B737-900,746599_1768335362865,B737-900ER,N922SB,922,CFM56-7B27,179,100370,149300,188200,157300,49521,CI,250/280/78,78/280/250,PMDG (MSFS) - ER 1 Aux Tank - Dual Class [credit: PMDG Official]
B739,B737-900,746599_1768334388948,B737-900ER,N922SB,922,CFM56-7B27,204,100370,149300,188200,157300,49521,CI,250/280/78,78/280/250,PMDG (MSFS) - ER 1 Aux Tank - Single Class [credit: PMDG Official]
B739,B737-900,746599_1768334804982,B737-900ER,N922SB,922,CFM56-7B27,215,100370,149300,188200,157300,49521,CI,250/280/78,78/280/250,PMDG (MSFS) - ER 1 Aux Tank - High Density [credit: PMDG Official]
B739,B737-900,746599_1768335304953,B737-900ER,N922SB,922,CFM56-7B27,179,100370,149300,188200,157300,52314,CI,250/280/78,78/280/250,PMDG (MSFS) - ER 2 Aux Tank - Dual Class [credit: PMDG Official]
B739,B737-900,746599_1768334657946,B737-900ER,N922SB,922,CFM56-7B27,204,100370,149300,188200,157300,52314,CI,250/280/78,78/280/250,PMDG (MSFS) - ER 2 Aux Tank - Single Class [credit: PMDG Official]
B739,B737-900,746599_1768334832423,B737-900ER,N922SB,922,CFM56-7B27,215,100370,149300,188200,157300,52314,CI,250/280/78,78/280/250,PMDG (MSFS) - ER 2 Aux Tank - High Density [credit: PMDG Official]
B739,B737 BBJ3,BBJ3,B737 BBJ3,N900SB,900,CFM56-7B27,63,110282,149300,187700,157300,77000,,,,Default
B741,B747-100B,3_1761408811646,B747-100B,N231SB,231,JT9D-7A,366,381480,526500,735000,564000,324580,M84,250/320/82,84/290/250,Default
B742,B747-200B,B742,B747-200B,N238SB,238,JT9D-7F,366,386689,526500,812000,630000,371240,,,,Default
B742,B747-200B,3_1759766708700,B747-200B,N238SB,238,JT9D-7J,388,386688,526500,812000,630000,371240,M85,250/320/82,84/320/250,Felis (X-Plane) - JT9D-7J
B742,B747-200B,3_1759766695143,B747-200B,N238SB,238,CF6-50E2,388,346445,589957,832906,666016,371240,M85,250/320/82,84/320/250,Felis (X-Plane) - CF6-50E2
B744,B747-400,B744,B747-400,N484SB,484,RB211-524H,400,403534,545000,875000,630000,383810,,,,Default
B744,B747-400F,B74F,B747-400F,N487SB,487,RB211-524H,25,373574,635000,875000,666000,383810,,,,Default
B748,B747-8,B748,B747-8,N748SB,748,GENX-2B67,410,485300,651000,987000,688000,426109,,,,Default
B748,B747-8,141372_1660066082616,B747-8,LN-SLT,748,GENX-2B67,364,220129,295289,447695,312072,193280,,,,Salty Simulations (MSFS) - 747-8
B748,B747-8,349674_1688373238088,B747-8,ASWT748,,GENX-2B67/P,364,467160,651000,975000,688000,421216,CI,250/340/84,84/340/250,Working Title (MSFS) - 747-8i [credit: Awemeter]
B748,B747-8F,B48F,B747-8F,N749SB,749,GENX-2B67,25,434600,727000,987000,763000,400218,,,,Default
B748,B747-8F,349674_1688378505409,B747-8F,ASWT748,,GENX-2B67/P,0,467160,651000,975000,763000,421216,CI,250/340/84,84/340/250,Working Title (MSFS) - 747-8F [credit: Awemeter]
B752,B757-200,B752,B757-200,N537SB,537,PW2037,239,132541,184000,255000,198000,75600,,,,Default
B752,B757-200PF,B75F,B757-200PF,N538SB,538,PW2037,25,129932,200000,255000,210000,75600,,,,Default
B753,B757-300,B753,B757-300,N533SB,533,PW2043,289,141194,210000,273000,224000,75600,,,,Default
B762,B767-200ER,B762,B767-200ER,N627SB,627,CF6-80C2B2,216,183351,260000,380000,285000,161738,,,,Default
B763,B767-300ER,B763,B767-300ER,N619SB,619,CF6-80C2B6F,290,195600,295000,407000,320000,161700,,,,Default
B763,B767-300F,B76F,B767-300F,N618SB,618,CF6-80C2B6F,25,195600,309000,412000,326000,161700,,,,Default
B764,B767-400ER,B764,B767-400ER,N416SB,416,CF6-80C2B8F,296,229600,330000,450000,350000,161738,,,,Default
B772,B777-200ER,B772,B777-200ER,N755SB,755,GE90-94B,320,312800,442000,656000,470000,301500,,,,Default
B772,B777-200ER,746599_1746124710590,B777-200ER,N772GE,755,GE90-94B,294,306180,440000,652000,460000,302980,CI,250/310/84,84/310/250,PMDG (MSFS) - GE90-94B - Default MTOW [credit: PMDG Official]
B772,B777-200ER,746599_1744312486882,B777-200ER,N772GE,755,GE90-94B,294,306180,440000,660000,460000,302980,CI,250/310/84,84/310/250,"PMDG (MSFS) - GE90-94B - 660,000 MTOW [credit: PMDG Official]"
B772,B777-200ER,746599_1746124786757,B777-200ER,N772PW,755,PW4092,294,302980,440000,652000,460000,302980,CI,250/310/84,84/310/250,PMDG (MSFS) - PW4092 - Default MTOW [credit: PMDG Official]
B772,B777-200ER,746599_1744313087352,B777-200ER,N772PW,755,PW4092,294,302980,440000,660000,460000,302980,CI,250/310/84,84/310/250,"PMDG (MSFS) - PW4092 - 660,000 MTOW [credit: PMDG Official]"
B772,B777-200ER,746599_1746124811511,B777-200ER,N772RR,755,RR TRENT 892,294,300680,440000,652000,460000,302980,CI,250/310/84,84/310/250,PMDG (MSFS) - Trent 892 - Default MTOW [credit: PMDG Official]
B772,B777-200ER,746599_1744312960814,B777-200ER,N772RR,755,RR TRENT 892,294,300680,440000,660000,460000,302980,CI,250/310/84,84/310/250,"PMDG (MSFS) - Trent 892 - 660,000 MTOW [credit: PMDG Official]"
B77L,B777-F,B77F,B777-F,N715SB,715,GE90-110B1,25,311800,547000,766800,575000,358500,,,,Default
B77L,B777-F,746599_1746819859336,B777-F,N777F,715,GE90-110B1,4,318680,547000,766800,575000,320831,CI,250/310/84,84/310/250,"PMDG (MSFS) - 766,800 MTOW [credit: PMDG Official]"
B77L,B777-200LR,B77L,B777-200LR,N712SB,712,GE90-110B1,320,344224,461000,766000,492000,358500,,,,Default
B77L,B777-200LR,746599_1753738749642,B777-200LR,N772LR,712,GE90-110B1,297,345904,461000,768000,492000,320831,CI,250/310/84,84/310/250,PMDG (MSFS) - Standard [credit: PMDG Official]
B77L,B777-200LR,746599_1753738970927,B777-200LR,N772LR,712,GE90-110B1,297,345904,461000,768000,492000,333428,CI,250/310/84,84/310/250,PMDG (MSFS) - 1 Aux Tank [credit: PMDG Official]
B77L,B777-200LR,746599_1753739047124,B777-200LR,N772LR,712,GE90-110B1,297,345904,461000,768000,492000,358513,CI,250/310/84,84/310/250,PMDG (MSFS) - 3 Aux Tank [credit: PMDG Official]
B77W,B777-300ER,B77W,B777-300ER,N713SB,713,GE90-115BL2,386,369365,524000,775000,554000,320200,,,,Default
B77W,B777-300ER,746599_1746818579488,B777-300ER,N773ER,713,GE90-115BL2,370,371680,524000,777000,554000,320800,CI,250/310/84,84/310/250,"PMDG (MSFS) - 777,000 MTOW [credit: PMDG Official]"
B788,B787-8,B788,B787-8,N888SB,888,GENX-1B70,300,267294,355000,502500,380000,223378,,,,Default
B788,B787-8,337573_1689936264695,B787-8,G-ZBJH,1123,,214,119950,161025,227930,172365,101456,,,,Kuro (MSFS) - B787-8 [credit: Kurorin]
B788,B787-8,138759_1730423016353,B787-8,N788BA,003,GENX-1B70,227,121243,161025,227930,172365,101343,CI,250/310/85,85/310/250,BravoAirspace (MSFS) - GEnx-1B70 [credit: francisjohannes]
B788,B787-8,138759_1730465397659,B787-8,N788BA,002,TRENT 1000,227,121243,161025,227930,172365,101343,CI,250/310/85,85/310/250,BravoAirspace (MSFS) - Trent 1000 [credit: francisjohannes]
B789,B787-9,B789,B787-9,N899SB,899,GENX-1B74,350,287894,400000,560000,425000,223673,,,,Default
B789,B787-9,138759_1732154419165,B787-9,N787BA,004,GENX-1B74,237,287894,400000,560000,425000,223773,CI,250/310/85,85/310/250,BravoAirspace (MSFS) - GEnx-1B74 [credit: francisjohannes]
B789,B787-9,138759_1733673424348,B787-9,N787BA,005,TRENT 1000,237,287894,400000,560000,425000,223773,CI,250/310/85,85/310/250,BravoAirspace (MSFS) - Trent 1000 [credit: francisjohannes]
B789,B787-9,444203_1731579644533,B787-9,HS-SIM,899,GENX-1B70/75/P2,338,128850,181436,254692,192776,101522,CI,250/310/85,85/310/250,Horizon Simulations (MSFS) - GEnx-1B 
B789,B787-9,444203_1731579635949,B787-9,HS-SIM,899,TRENT 1000-D3,338,128850,181436,254692,192776,101522,CI,250/310/85,85/310/250,Horizon Simulations (MSFS) - Trent 1000
B78X,B787-10,B78X,B787-10,N891SB,891,GENX-1B76,390,301227,425000,560000,445000,223646,,,,Default
B78X,B787-10,349674_1684628774433,B787-10,ASWT787,,TRENT 1000-R,344,298700,425000,557000,445000,223673,CI,250/310/85,85/310/250,Working Title (MSFS) - 787-10 [credit: Awemeter]
BE9L,King Air C90B,BE9L,King Air C90B,N090SB,090,PT6A-21,7,6536,10100,10100,9600,2573,,,,Default
BE20,King Air 200,BE20,King Air 200,N201SB,201,PT6A-41,9,8530,11000,12500,12500,3645,,,,Default
BE24,Beechcraft C24R,BE24,Beechcraft C24R,N240SB,240,IO-360-A1B6,3,2081,2750,2750,2750,359,,,,Default
BE36,Bonanza A36,BE36,Bonanza A36,N036SB,036,IO-550-B,5,2145,3600,3600,3600,445,,,,Default
BT36,Bonanza B36TC,BT36,Bonanza B36TC,N037SB,037,TSIO-520-UB,5,2215,4030,4030,4030,625,,,,Default
B36T,Bonanza B36TP,B36T,Bonanza B36TP,N038SB,038,PT6A-21,5,2355,4050,4050,4050,791,,,,Default
BE58,Baron 58,BE58,Baron 58,N058SB,058,IO-520-C,5,3965,5400,5400,5400,1164,,,,Default
B58T,Baron 58P,B58T,Baron 58P,N059SB,059,TSIO-520-WB,5,4010,6200,6200,6200,1176,,,,Default
BE60,Duke B60,BE60,Duke B60,N060SB,060,TIO-541,5,4195,6775,6775,6600,1212,,,,Default
BE60,Grand Duke,BE6G,Grand Duke,N061SB,061,TIO-541,5,4275,7000,7000,7000,1422,,,,Default
B60T,Turbine Duke,B60T,Turbine Duke,N062SB,062,PT6A-35,5,4553,7000,7000,7000,1595,,,,Default
BN2P,BN-2 Islander,3_1744422973544,BN-2 Islander,N002SB,002,O-540-E4C5,9,4114,6300,6600,6300,990,2400/26.0,105KTS,500FPM,Black Box Simulation (MSFS) - BN-2 Islander
C130,C-130K Hercules,3_1698842150552,C-130K Hercules,8TCA,847,T56-A-15,90,32800,54040,79380,70300,36593,,,,Lockheed C-130K Hercules [credit: KevinAviationHD]
C30J,C-130J Super Hercules,C30J,C-130J Super Hercules,N139SB,139,AE2100D3,92,89511,128500,164000,164000,85756,,,,Default
C160,Transall C-160,C160,Transall C-160,N160SB,160,RTY 20 MK522,93,66139,112436,112436,103617,52536,,,,Default
C17,C-17A Globemaster,C17,C-17A Globemaster,10-0223,00223,F117-PW-100,102,282500,477400,585000,585000,244800,,,,Default
C172,Cessna 172R,C172,Cessna 172R,N172SB,172,IO-360-L2A,3,1631,2450,2450,2450,336,,,,Default
C182,Cessna 182T,C182,Cessna 182T,N182SB,182,TIO-540-AK1A,3,1970,3100,3100,2950,522,,,,Default
C182,Cessna 182RG,R182,Cessna 182RG,N183SB,183,O-540-J3C5D,3,1805,3100,3100,3100,528,,,,Default
C208,Cessna 208B,C208,Cessna 208B,N017SB,017,PT6A-114A,8,4744,8500,8750,8500,2265,,,,Default
C212,C-212-200 Aviocar,492116_1781184569770,C-212-200 Aviocar,N434CA,330,TPE331-10R-513C,20,4553,7750,8900,10342,1696,ISC,NORMAL,1000FPM,Project MAX (MSFS) - C-212-200 Aviocar
C310,Cessna 310R,C310,Cessna 310R,N310SB,310,IO-520-M,5,3358,4900,5500,5400,980,,,,Default
C337,Cessna 337H,C337,Cessna 337H,N337SB,337,IO-360-GB,5,2655,4630,4630,4400,607,,,,Default
C404,C404 Titan,C404,C404 Titan,N404SB,402,False,9,4812,8400,8400,8100,3200,,,,Default
C408,Cessna 408,3_1736658831347,Cessna 408,N408SB,408,PT6A-65SC,19,12325,17000,19000,18600,4824,ISC,NORMAL,1000FPM,Carenado (MSFS) - Cessna 408 SkyCourier
C414,Cessna 414AW,C414,Cessna 414AW,N414SB,414,TSIOL-550A,7,4951,7105,7105,6750,1380,,,,Default
C46,Curtiss C-46D,3_1695002094702,Curtiss C-46D,C-FAVO,511,PW R-2800,3,30836,37136,45004,42753,7872,,,,Curtiss C-46D Commando [credit: KevinAviationHD]
C510,C510 Mustang,C510,C510 Mustang,N518SB,518,PW615F-A,5,5563,6750,8645,8000,2568,,,,Default
C525,Citation CJ1/M2,C525,Citation CJ1/M2,N524SB,524,FJ44-1A,7,7020,8400,10700,9900,3220,,,,Default
C525,Citation CJ1/M2,3_1779731353771,Citation M2,N526SB,526,FJ44-1AP-21,7,6990,8400,10700,9900,3296,MCR,CRUISE,2000FPM,Citation M2
C25A,Citation CJ2,C25A,Citation CJ2,N525SB,525,FJ44-2C,8,8030,9300,12375,11500,3961,,,,Default
C25B,Citation CJ3,C25B,Citation CJ3,N253SB,253,FJ44-3A,9,8700,10510,13870,12750,4710,,,,Default
C25B,Citation CJ3,393614_1751098202127,Citation CJ3,N253SB,253,FJ44-3A,9,8700,10910,14270,13150,4710,MCR,222/56,2000FPM,LivToAir (MSFS) - Tamarack Winglets 
C25C,Citation CJ4,C25C,Citation CJ4,N254SB,254,FJ44-4A,10,10280,12500,17110,15660,5828,,,,Default
C550,Citation II,C550,Citation II,N081SB,081,JT15D-4,11,8349,11000,14100,13500,5050,,,,Default
C56X,Citation 560XL,C56X,Citation 560XL,N560SB,560,PW545A,9,12700,15000,20000,18700,6740,,,,Default
C680,Sovereign+,C680,Sovereign+,N680SB,680,PW 306D,12,18330,21000,30775,27575,11390,,,,Default
C680,Sovereign+,423152_1773260198737,Sovereign+,HB-SOV,680,PW306D,10,18691,21000,30775,27575,11390,HSC,250/64,2000FPM,Skyward Simulations (MSFS) - C680 Sovereign+
C700,Longitude,C700,Longitude,N700SB,700,HTF7700L,10,23389,26000,39500,33500,14511,,,,Default
C750,Citation X,C750,Citation X,N750SB,750,AE3007C1,12,22131,24400,36100,31800,13000,,,,Default
C750,Citation X,349674_1747991754356,Citation X,FFXC750W,,AE3007C1,9,22481,24400,36100,31800,12931,M86,250/300/80,3000FPM,FlightFX (MSFS) - Winglet [credit: Awemeter]
C750,Citation X,349674_1751497498054,Citation X,FFXC750,,AE3007C1,9,22481,24400,36100,31800,12931,M86,250/300/80,3000FPM,FlightFX (MSFS) - Non-Winglet [credit: Awemeter]
C919,C919-100,C919,C919-100,N919SB,919,LEAP-1C28,158,100751,142418,165567,149473,43122,,,,Default
CL30,Challenger 300,CL30,Challenger 300,N349SB,349,HTF7000,9,23765,28200,40600,34150,14150,,,,Default
CL35,Challenger 350,CL35,Challenger 350,N350SB,350,HTF7350,9,23765,28200,40600,34150,14150,,,,Default
CL60,Challenger 650,CL60,Challenger 650,N650SB,650,CF34-3B,12,27150,32000,48200,38000,19852,,,,Default
CL60,Challenger 650,323617_1641690879983,Challenger 650,N650CL,6050,CF34-3B,12,27680,32000,48200,38000,19842,M80,250/300/78,78/300/250,Hot Start (X-Plane) - Challenger 650 [credit: Rodeo314]
CONI,L-049,CONI,L-049,N511SB,511,R-3350-745C18BA-1,81,51152,75960,86250,75000,27999,,,,Default
CONI,L-1049G,CONS,L-1049G,N149SB,149,R-3350-93,61,79900,105000,138000,120000,39600,,,,Default
CRJ2,CRJ-200,CRJ2,CRJ-200,N211SB,211,CF34-3B1,50,31904,44000,53000,47000,14518,,,,Default
CRJ7,CRJ-550,CRJ5,CRJ-550,N920SB,920,CF34-8C5B1,50,42588,59000,65000,61000,19594,,,,Default
CRJ7,CRJ-550,349674_1663996872247,CRJ-550,ASCRJ550,,CF34-8C5B1,50,45749,59000,65000,61000,19723,,,,Aerosoft (MSFS) - Base Weight [credit: Awemeter]
CRJ7,CRJ-700,CRJ7,CRJ-700,N921SB,921,CF34-8C5B1,78,43712,62300,75000,67000,19594,,,,Default
CRJ7,CRJ-700,349674_1664064088827,CRJ-700,ASCRJ700,,CF34-8C5B1,70,45749,62300,75000,67000,19723,,,,Aerosoft (MSFS) - Base Weight [credit: Awemeter]
CRJ9,CRJ-900,CRJ9,CRJ-900,N922SB,922,CF34-8C5,90,49355,70750,84500,75100,19594,,,,Default
CRJ9,CRJ-900,349674_1664065949974,CRJ-900,ASCRJ900,,CF34-8C5,90,48908,70750,84500,75100,19723,CI,250/320/77,74/290/250,Aerosoft (MSFS) - Base Weight [credit: Awemeter]
CRJX,CRJ-1000,CRJX,CRJ-1000,N910SB,910,CF34-8C5A1,104,52855,77500,91800,81500,19828,,,,Default
CRJX,CRJ-1000,349674_1664067511837,CRJ-1000,ASCRJ1000,,CF34-8C5A1,104,54749,77500,91800,81500,19723,,,,Aerosoft (MSFS) - Base Weight [credit: Awemeter]
D328,Dornier 328-100,3_1684947142271,Dornier 328-100,N328SB,328,PW119B,33,8810,12610,13990,13230,4290,,,,MG Dornier 328 (X-Plane) [credit: KevinAviationHD]
DA40,Diamond DA40,DA40,Diamond DA40,N040SB,040,IO-360-M1A,3,1960,2535,2646,2535,301,,,,Default
DA40,Diamond DA40 NG,DA4N,Diamond DA40 NG,N041SB,041,AE300 E4-A,3,2166,2789,2888,2822,260,,,,Default
DA42,Diamond DA42,DA42,Diamond DA42,N042SB,042,AE 300 E4-C,4,3131,4045,4407,4407,512,,,,Default
DA62,Diamond DA62,DA62,Diamond DA62,N062SB,062,AE 330 E4P-C,6,3461,4850,5071,5071,596,,,,Default
DC10,DC-10-30,DC10,DC-10-30,N101SB,101,False,285,272100,391000,555000,411000,246000,,,,Default
DC3,Douglas DC-3,DC3,Douglas DC-3,N511,511,P&W R-1830,26,17555,26000,28000,28000,4932,,,,Default
DC6,Douglas DC-6,DC6,Douglas DC-6,N6PM,6,R2800-CB16,68,56398,83200,97200,80000,31637,,,,Default
DC6,Douglas DC-6,478697_1655670406848,Douglas DC-6A,N100CE,,R2800-CB16,0,52567,74000,107200,80000,33072,,,,PMDG (MSFS) - Cargo Variant [credit: pulmy]
DC6,Douglas DC-6,478697_1655656818125,Douglas DC-6B,PH-DFI,,R2800-CB16,68,61258,74000,102800,80000,33072,,,,PMDG (MSFS) - Passenger Variant [credit: pulmy]
DC85,DC-8-55,DC85,DC-8-55,N855SB,855,JT3D-3B,189,138351,190000,325000,217000,159065,,,,Default
DC86,DC-8-63,DC86,DC-8-63,N863SB,863,JT3D-7,259,158981,230000,355000,258000,165070,,,,Default
DC91,DC-9-15,DC91,DC-9-15,N915SB,915,JT8D-7B,90,49162,74000,90700,81700,24743,,,,Default
DC93,DC-9-32,DC93,DC-9-32,N932SB,932,JT8D-9A,115,56857,87000,108000,99000,24649,,,,Default
DH8A,DHC8-102,DH8A,DHC8-102,N802SB,802,PW120A,37,23255,31700,35000,33900,5670,,,,Default
DH8B,DHC8-200,DH8B,DHC8-200,N824SB,824,PW123C,37,23681,32400,36300,34500,5670,,,,Default
DH8C,DHC8-311,DH8C,DHC8-311,N831SB,320,PW123B,50,26672,39500,43000,42000,5670,,,,Default
DH8D,DHC8-402,DH8D,DHC8-402,N847SB,847,PW150A,74,39111,58000,65200,62000,11724,,,,Default
DHC2,Beaver,DHC2,Beaver,N020SB,020,False,4,2961,5100,5100,5100,1000,,,,Default
DHC6,Twin Otter,DHC6,Twin Otter,N063SB,063,False,16,7505,11400,12500,12200,3000,,,,Default
DHC7,Dash 7,DHC7,Dash 7,N700SB,700,PT6A-50,50,28404,39000,44000,42000,10064,,,,Default
E110,EMB-110,885549_1772557426011,EMB-110,EC-EMB,110,PT6A-34,18,7750,12490,13250,12600,2884,NORM-1700,1800RPM,1500FPM,NextGen Simulations (MSFS) - EMB-110P
E110,EMB-110,885549_1772558653259,EMB-110,EC-EMB,110,PT6A-34,20,7750,12490,13250,12600,2884,NORM-1700,1800RPM,1500FPM,NextGen Simulations (MSFS) - EMB-110P1
E110,EMB-110,885549_1772558760463,EMB-110,EC-EMB,110,PT6A-34,21,7750,12490,13250,12600,2884,NORM-1700,1800RPM,1500FPM,NextGen Simulations (MSFS) - EMB-110P2
E110,EMB-110,885549_1772558737904,EMB-110,EC-EMB,110,PT6A-34,0,7750,12490,13250,12600,2884,NORM-1700,1800RPM,1500FPM,NextGen Simulations (MSFS) - EMB-110P1F
E135,ERJ-135LR,E135,ERJ-135LR,N135SB,135,AE3007-A1/3,37,26122,35274,44092,40785,11345,,,,Default
E135,ERJ-135LR,328221_1772529017463,EMB-135,E135,,AE3007-A1,37,25355,35274,44092,40785,9919,M76,240/270/56,78/310/240,X-Crafts (X-Plane) - ERJ Family ERJ-135LR
E35L,Legacy 600,E13L,Legacy 600,N132SB,132,AE3007-A1E,12,30081,35274,49604,40786,18245,,,,Default
E35L,Legacy 600,328221_1772529390575,Legacy 650,E135BJ,,AE3007A1,13,32298,36156,53572,44092,20503,M78,240/260/60,78/310/240,X-Crafts (X-Plane) - ERJ Family Legacy 650
E135,ERJ-140LR,E140,ERJ-140LR,N140SB,140,AE3007-A1/3,44,26890,37698,46516,41225,11385,,,,Default
E135,ERJ-140LR,328221_1772529020192,EMB-140,E140,,AE3007-A1,44,26032,37698,46517,41226,11385,M76,240/270/56,78/310/240,X-Crafts (X-Plane) - ERJ Family ERJ-140LR
E145,ERJ-145LR,E145,ERJ-145LR,N141SB,141,AE3007-A1,50,27550,39462,48501,42549,11345,,,,Default
E145,ERJ-145LR,328221_1772529022452,EMB-145,E145,,AE3007-A1,50,26709,39462,48501,43651,11100,M76,240/270/56,78/310/240,X-Crafts (X-Plane) - ERJ Family ERJ-145LR
E145,ERJ-145LR,328221_1772529026088,ERJ-145XR,E145XR,,AE3007-A1,50,27758,40785,53131,44092,13168,M77,240/270/56,78/310/240,X-Crafts (X-Plane) - ERJ Family ERJ-145XR
E170,ERJ-170,E170,ERJ-170,N170SB,170,CF34-8E5,80,48172,68123,85098,73414,21000,,,,Default
E170,ERJ-170,535488_1702546468126,ERJ-170,FSSE170,170,CF34-8E5,76,21850,30900,38790,34000,9335,,,,FlightSim Studio (MSFS) - Dual Class Configuration
E170,ERJ-170,535488_1702546482585,ERJ-170,FSSE170,170,CF34-8E5,72,21850,30900,38790,34000,9335,,,,FlightSim Studio (MSFS) - Single Class Configuration
E170,ERJ-170,535488_1702546498635,ERJ-170,FSSE170,170,CF34-8E5,78,21850,30900,38790,34000,9335,,,,FlightSim Studio (MSFS) - High Density Configuration
E170,ERJ-170,328221_1728076476838,ERJ-170,E170,,CF34-8E5,78,21850,30900,38600,33300,9187,CI,240/290/70,77/290/250,X-Crafts (X-Plane) - E-Jets Family E170 LR
E75L,ERJ-175,E175,ERJ-175,N175SB,175,CF34-8E5,88,50384,69887,85517,74957,21000,,,,Default
E75L,ERJ-175,535488_1702546282319,ERJ-175,FSSE175,175,CF34-8E5,76,22853,31700,38790,34000,9335,,,,FlightSim Studio (MSFS) - Dual Class Configuration
E75L,ERJ-175,535488_1702546304894,ERJ-175,FSSE175,175,CF34-8E5,78,22853,31700,38790,34000,9335,,,,FlightSim Studio (MSFS) - Single Class Configuration
E75L,ERJ-175,535488_1702546333979,ERJ-175,FSSE175,175,CF34-8E5,88,22853,31700,38790,34000,9335,,,,FlightSim Studio (MSFS) - High Density Configuration
E75L,ERJ-175,328221_1728076486952,ERJ-175,E175,,CF34-8E5,86,21810,32000,40370,34100,9355,CI,240/290/70,77/290/250,X-Crafts (X-Plane) - E-Jets Family E175 LR
E190,ERJ-190,E190,ERJ-190,N190SB,190,CF34-10E6,114,63512,90168,114199,97003,29100,,,,Default
E190,ERJ-190,535488_1702545680921,ERJ-190,FSSE190,190,CF34-10E6,96,27303,40900,50299,43000,12971,,,,FlightSim Studio (MSFS) - Dual Class Configuration
E190,ERJ-190,535488_1702545698667,ERJ-190,FSSE190,190,CF34-10E6,100,27303,40900,50299,43000,12971,,,,FlightSim Studio (MSFS) - Single Class Configuration
E190,ERJ-190,535488_1702545712983,ERJ-190,FSSE190,190,CF34-10E6,114,27303,40900,50299,43000,12971,,,,FlightSim Studio (MSFS) - High Density Configuration
E190,ERJ-190,1356_1716290751527,ERJ-190,FSS190F,,CF34-10E6,0,27451,40900,50300,44000,13200,False,False,False,FlightSim Studio (MSFS) - Cargo Configuration
E190,ERJ-190,328221_1728076493552,ERJ-190,E190,,CF34-10E5A1,114,28838,40900,51800,44000,12959,CI,250/290/75,77/290/250,X-Crafts (X-Plane) - E-Jets Family E190 AR
E190,Lineage 1000,E19L,Lineage 1000,N191SB,191,CF34-10E6,19,70843,80469,120152,100972,48217,,,,Default
E195,ERJ-195,E195,ERJ-195,N195SB,195,CF34-10E7,122,64717,93917,115280,100972,29100,,,,Default
E195,ERJ-195,535488_1702545344909,ERJ-195,FSSE195,195,CF34-10E7,100,28663,42600,50790,45000,12971,,,,FlightSim Studio (MSFS) - Dual Class Configuration
E195,ERJ-195,535488_1702545380938,ERJ-195,FSSE195,195,CF34-10E7,116,28663,42600,50790,45000,12971,,,,FlightSim Studio (MSFS) - Single Class Configuration
E195,ERJ-195,535488_1702545399385,ERJ-195,FSSE195,195,CF34-10E7,124,28663,42600,50790,45000,12971,,,,FlightSim Studio (MSFS) - High Density Configuration
E195,ERJ-195,1356_1715972125705,ERJ-195,FSS195F,,CF34-10E7,0,27451,42600,50300,45000,12971,,,,FlightSim Studio (MSFS) - Cargo Configuration
E195,ERJ-195,328221_1728076499765,ERJ-195,E195,,CF34-10E7,122,28668,42600,52290,45800,12970,CI,250/270/70,77/290/250,X-Crafts (X-Plane) - E-Jets Family E195 AR
E50P,Phenom 100,E50P,Phenom 100,N500SB,500,PW617F1-E,5,6792,8885,10582,9877,2806,,,,Default
E55P,Phenom 300,E55P,Phenom 300,N505SB,505,PW535E,8,11297,13999,17968,16865,5353,,,,Default
E55P,Phenom 300,715669_1760743138073,Phenom 300E,N177P,505,PW535E1,7,11354,14263,18551,17272,5401,MCR,225/60,70/275,FSReborn (MSFS) - Phenom 300E
EA50,Eclipse 550,EA50,Eclipse 550,N550SB,550,PW610F,5,3634,4922,6000,5600,1698,,,,Default
ZZZZ,Eviation Alice,EVAL,Eviation Alice,N650SB,650,MAGNI650,9,15900,18400,18400,18400,100,,,,Default
F28,Fokker F28,624280_1687457722087,Fokker F28,G-JUST,28,SPEY MK.555-15P,65,35517,54500,65000,59000,23081,M70,250/280/70,70/280/250,Just Flight (MSFS) - Fokker F28 Mk.1000
F28,Fokker F28,624280_1687457572741,Fokker F28,G-JUST,28,SPEY MK.555-15P,79,36953,54500,65000,59000,23081,M70,250/280/70,70/280/250,Just Flight (MSFS) - Fokker F28 Mk.2000
F28,Fokker F28,624280_1688123220047,Fokker F28,G-JUST,28,SPEY MK.555-15P,65,37139,56142,73000,64000,23081,M70,250/280/70,70/280/250,Just Flight (MSFS) - Fokker F28 Mk.3000
F28,Fokker F28,624280_1683743102001,Fokker F28,G-JUST,28,SPEY MK.555-15P,85,38825,62142,73000,69500,23081,M70,250/280/70,70/280/250,Just Flight (MSFS) - Fokker F28 Mk.4000
F50,Fokker F50,F50,Fokker F50,N503SB,503,False,50,27731,41700,45900,44100,9100,,,,Default
F70,Fokker 70,F70,Fokker 70,N070SB,070,TAY 620-15,72,49985,74000,88000,81000,17002,,,,Default
F70,Fokker 70,624280_1753983626163,Fokker 70,G-JUST,070,TAY 620-15,70,50665,72000,83760,81000,23731,CI,250/280/70,70/280/250,Just Flight (MSFS) - 70 Passengers
F100,Fokker 100,F100,Fokker 100,N100SB,100,TAY 650-15,97,58420,81000,98000,88000,22611,,,,Default
F100,Fokker 100,624280_1744226464455,Fokker 100,G-JUST,100,TAY 620-15,100,54418,81000,98000,88000,23731,CI,250/280/70,70/280/250,"Just Flight (MSFS) - 100 Pax, Integral Stairs, Small Cargo"
F100,Fokker 100,624280_1753984570570,Fokker 100,G-JUST,100,TAY 620-15,100,54418,81000,98000,88000,23731,CI,250/280/70,70/280/250,"Just Flight (MSFS) - 100 Pax, Integral Stairs, Large Cargo"
F100,Fokker 100,624280_1753984484726,Fokker 100,G-JUST,100,TAY 620-15,100,54418,81000,98000,88000,23731,CI,250/280/70,70/280/250,"Just Flight (MSFS) - 100 Pax, Sliding Door, Large Cargo"
F100,Fokker 100,624280_1753984304253,Fokker 100,G-JUST,100,TAY 620-15,98,54418,81000,98000,88000,23731,CI,250/280/70,70/280/250,"Just Flight (MSFS) - 98 Pax, L2 Door, Integral Stairs, Small Cargo"
F406,Cessna F406,F406,Cessna F406,N406SB,406,PT6A-112,12,5033,8500,9360,9360,3183,,,,Default
FA50,Falcon 50,FA50,Falcon 50,N500SB,500,TFE 731-40,8,21861,25570,40780,35715,15607,,,,Default
FA50,Falcon 50,451346_1780588028990,Falcon 50B,N9TE,500,TFE 731-3-1C,9,22741,25570,40780,35715,15513,M78,250/260/72,80/330/250,Contrail (MSFS) - Falcon 50B
FA8X,Falcon 8X,FA8X,Falcon 8X,N508SB,508,PW307D,14,37000,41000,73000,62400,35141,,,,Default
GLF4,GLF.IV-SP,GLF4,GLF.IV-SP,N771SB,771,RB.183-611-8,19,42960,49000,74600,66000,29500,,,,Default
GLF6,GLF.VI G650,GLF6,GLF.VI G650,N650SB,650,BR700-725A1-12,13,54500,60500,99600,83500,44200,,,,Default
H25B,Hawker 800XP,H25B,Hawker 800XP,N800SB,800,TFE 731-5BR,8,15120,18450,28000,23350,9942,,,,Default
H25B,Hawker 800XP,349674_1788725644993,Hawker 800XP,FFXH25B,,TFE 731-5BR,10,15840,18450,28000,23350,9956,HSC,250/70,76/285/250,FlightFX (MSFS) - Hawker 800XP [credit: Awemeter]
HDJT,Hondajet,HDJT,Hondajet,N420SB,420,HF120-H1A,6,7315,8900,10700,9960,2948,,,,Default
HDJT,Hondajet,323617_1725137857308,HondaJet,N420HA,,HF120-H1A,6,7373,8800,10600,9860,2882,HSC,210/57,72/270/250,FlightFX (MSFS) - HondaJet [credit: Rodeo314]
HDJT,Hondajet,323617_1725137880736,HondaJet,N420HA,,HF120-H1A,6,7373,9300,11100,10360,3118,HSC,210/57,72/270/250,FlightFX (MSFS) - Elite II [credit: Rodeo314]
IL18,Ilyushin IL-18D,IL18,Ilyushin IL-18D,N184SB,184,AI-20M,100,77162,107586,141096,115963,51919,,,,Default
IL76,Ilyushin IL-76,3_1693976418301,Ilyushin IL-76,RA76952,076,D-30KP,5,194000,304000,418900,334000,198000,,,,Ilyushin IL-76TD [credit: KevinAviationHD]
JS41,BAe JS-41,JS41,BAe JS-41,N410SB,410,False,30,14144,21400,24000,23300,5889,,,,Default
K100,Kodiak 100,KODI,Kodiak 100,N018SB,018,PT6A-34,9,3775,7255,7255,6690,2144,,,,Default
L101,L1011-500,L101,L1011-500,N105SB,105,RB211-524B,330,248429,338000,510000,368000,213600,,,,Default
L101,L1011-500,347385_1768565951715,L1011-500,G-STAR,AR,RB211-524B,243,245400,325000,510000,368000,213636,M83,250/320/82,82/320/250,iniBuilds (MSFS) - L1011-500 Regular
L101,L1011-500,347385_1771934739128,L1011-500,G-FERY,RY,RB211-524B,243,261700,336500,480000,365000,213640,M83,250/320/82,82/320/250,iniBuilds (MSFS) - L1011-500 Pod Ferry
L410,Let L-410,3_1693275202454,Let L-410,OKSLD,012,M601E,19,4150,5870,6600,6400,1320,,,,Let L-410 Turbolet [credit: KevinAviationHD]
LJ25,Learjet 25,LJ25,Learjet 25,N025SB,025,CJ-610-8A,8,7941,11400,15000,13300,6097,,,,Default
LJ35,Learjet 35A,LJ35,Learjet 35A,N085SB,085,TFE731-2-2B,8,10310,13500,18300,15300,6238,,,,Default
LJ45,Learjet 45,LJ45,Learjet 45,N087SB,087,TFE731-20,9,13550,16000,21500,19200,6062,,,,Default
MD11,MD-11,MD11,MD-11,N115SB,115,CF6-80C2D1F,381,269177,430000,630500,458000,256900,,,,Default
MD11,MD-11,100365_1725040651522,MD-11,ROT-MD11P,115,CF6-80C2D1F,285,135414,204764,286070,218466,116225,CI,250/330/82,82/330/250,Rotate (X-Plane) - MD-11P GE
MD11,MD-11,81536_1694462896486,MD-11,TFDI-MD11,115,CF6-80C2D1F,282,128809,181436,283721,195044,116528,CI,250/330/82,82/330/250,TFDi Design (MSFS) - MD-11 GE
MD11,MD-11,81536_1716573730074,MD-11,TFDI-MD11,115,PW4462,282,128809,181436,283722,195044,116528,CI,250/330/82,82/330/250,TFDi Design (MSFS) - MD-11 PW
MD11,MD-11,81536_1702557002188,MD-11,TFDI-MD11,115,CF6-80C2D1F,282,128800,181436,285989,207745,129345,CI,250/330/82,82/330/250,TFDi Design (MSFS) - MD-11ER GE
MD11,MD-11,81536_1716573849234,MD-11,TFDI-MD11,115,PW4462,282,128800,181436,285990,207745,129345,CI,250/330/82,82/330/250,TFDi Design (MSFS) - MD-11ER PW
MD11,MD-11F,MD1F,MD-11F,N116SB,116,CF6-80C2D1F,25,262177,461300,630500,491500,256900,,,,Default
MD11,MD-11F,100365_1774038308347,MD-11F,ROT-MD11F,116,CF6-80C2D1F,0,114910,204764,286070,218466,116225,CI,250/330/82,82/330/250,Rotate (X-Plane) - MD-11F GE
MD11,MD-11F,81536_1702556701413,MD-11F,TFDI-MD11,116,CF6-80C2D1F,4,112748,204706,283721,218404,117345,CI,250/330/82,82/330/250,TFDi Design (MSFS) - MD-11F GE
MD11,MD-11F,81536_1716573676531,MD-11F,TFDI-MD11,116,PW4462,4,112748,204706,283721,218404,117345,CI,250/330/82,82/330/250,TFDi Design (MSFS) - MD-11F PW
MD11,MD-11F,81536_1702556971915,MD-11F,TFDI-MD11,116,CF6-80C2D1F,4,112748,204706,285989,218404,129345,CI,250/330/82,82/330/250,TFDi Design (MSFS) - MD-11ERF GE
MD11,MD-11F,81536_1716573382477,MD-11F,TFDI-MD11,116,PW4462,4,112748,204706,285990,218404,129345,CI,250/330/82,82/330/250,TFDi Design (MSFS) - MD-11ERF PW
MD82,DC-9-82,MD82,DC-9-82,N882SB,882,JT8D-217,172,78543,122000,149500,130000,39168,,,,Default
MD82,DC-9-82,144968_1676966319407,DC-9-82,I-LEOX,,JT8D-217,162,81207,122000,149500,130000,39110,,,,Leonardo Maddog (MSFS) - Y162 Config
MD82,DC-9-82,144968_1676984015101,DC-9-82,I-LEOX,,JT8D-217,148,84161,122000,149500,130000,39110,,,,Leonardo Maddog (P3D) - J14Y134 Config
MD82,DC-9-82,144968_1676983464912,DC-9-82,I-LEOX,,JT8D-217,162,81207,122000,149500,130000,39110,,,,Leonardo Maddog (P3D) - Y162 Config
MD83,DC-9-83,MD83,DC-9-83,N883SB,883,JT8D-219,172,80295,122000,160000,139500,46773,,,,Default
MD83,DC-9-83,144968_1679042284621,DC-9-83,N9405T,,JT8D-219,162,83222,122000,160000,139500,46707,,,,Leonardo Maddog (MSFS) - Y162 Config
MD83,DC-9-83,144968_1676986285606,DC-9-83,N9405T,,JT8D-219,148,86176,122000,160000,139500,46707,,,,Leonardo Maddog (P3D) - J14Y134 Config
MD83,DC-9-83,144968_1676986474463,DC-9-83,N9405T,,JT8D-219,162,83222,122000,160000,139500,46707,,,,Leonardo Maddog (P3D) - Y162 Config
MD88,MD-88,MD88,MD-88,N888SB,888,JT8D-219,172,80343,122000,149500,130000,39168,,,,Default
MD88,MD-88,144968_1679042492747,DC-9-88,N911DE,,JT8D-219,162,82790,122000,160000,139500,39110,,,,Leonardo Maddog (MSFS) - Y162 Config
MD88,MD-88,144968_1676987062112,DC-9-88,N911DE,,JT8D-219,148,85744,122000,160000,139500,39110,,,,Leonardo Maddog (P3D) - J14Y134 Config
MD88,MD-88,144968_1676987255879,DC-9-88,N911DE,,JT8D-219,162,82790,122000,160000,139500,39110,,,,Leonardo Maddog (P3D) - Y162 Config
MD90,MD-90-30,MD90,MD-90-30,N890SB,890,False,172,80600,132000,168000,142000,45900,,,,Default
MU2,MU-2B-60,MU2,MU-2B-60,N060SB,060,TPE331-10,6,8100,9950,11575,11025,2700,,,,Default
P06T,Tecnam P2006T,P06T,Tecnam P2006T,N006SB,006,ROTAX 912 S3,3,1742,2524,2601,2601,322,,,,Default
P180,P.180 Avanti II,P180,P.180 Avanti II,N180SB,180,PT6A-66B,7,8375,9800,12100,11500,2802,,,,Default
P180,P.180 Avanti II,349674_1738801725154,P.180 Avanti II,FFX180,180,PT6A-66B,8,7840,9800,11550,10945,2354,RECMD-1800,160-KIAS,1500-FPM,FlightFX (MSFS) - P.180 Avanti II [credit: Awemeter]
P180,P.180 Avanti EVO,P18E,P.180 Avanti EVO,N181SB,181,PT6A-66B,7,8375,9800,12100,11500,2802,,,,Default
P212,Tecnam P2012,P212,Tecnam P2012,N012SB,012,TEO-540C1A,9,5291,7673,7937,7937,1191,,,,Default
P46T,Piper M500,P46T,Piper M500,N500SB,500,PT6A-42A,5,3611,4850,5092,4850,1139,,,,Default
M600,Piper M600,M600,Piper M600,N600SB,600,PT6A-42A,5,3825,4850,6000,5800,1742,,,,Default
PA24,Piper Comanche,PA24,Piper Comanche,N024SB,024,IO-540-C,4,1690,3000,3000,3000,540,,,,Default
PA31,Piper Chieftain,PA31,Piper Chieftain,N031SB,031,TIO-540-J2BD,7,4221,7000,7000,7000,1092,,,,Default
PA34,Piper Seneca,PA34,Piper Seneca,N034SB,034,TSIO-360E,6,2823,4000,4570,4342,738,,,,Default
PA44,Piper Seminole,PA44,Piper Seminole,N044SB,044,O-360-A1H6,3,2354,3800,3800,3800,648,,,,Default
PAY3,Piper Cheyenne III,PAY3,Piper Cheyenne III,N042SB,042,PT6A-41,9,6550,9350,11200,10330,3872,,,,Default
PC12,Pilatus PC12,PC12,Pilatus PC12,N012SB,012,PT6A-67B,9,5691,9039,10450,9920,2704,,,,Default
PC12,Pilatus PC12,349674_1702068886464,Pilatus PC12,SWS12,,PT6A-67B,8,5808,9039,10428,9921,2693,,,,SimWorks Studios (MSFS) - Commuter [credit: Awemeter]
PC12,Pilatus PC12,349674_1701995083157,Pilatus PC12,SWS12,,PT6A-67B,6,5808,9039,10428,9921,2693,,,,SimWorks Studios (MSFS) - Executive [credit: Awemeter]
PC12,Pilatus PC12,349674_1702069779120,Pilatus PC12,SWS12,,PT6A-67B,0,5808,9039,10428,9921,2693,,,,SimWorks Studios (MSFS) - Cargo [credit: Awemeter]
PC24,Pilatus PC24,PC24,Pilatus PC24,N024SB,024,FJ44-4A,10,12204,14660,18739,17339,5964,,,,Default
PRM1,Beech Premier IA,3_1774820337004,Beech Premier IA,N47PC,PC,FJ44-2A,6,3901,4536,5670,5262,1665,MCR,240/64,2000FPM,Carenado (MSFS) - Beech Premier IA [credit: KevinAviationHD]
RJ70,Avro RJ70,RJ70,Avro RJ70,N070SB,070,LF 507-1F,82,52510,71500,84000,83500,20640,,,,Default
RJ70,Avro RJ70,624280_1720179995963,Avro RJ70,G-JUST,,LF 507-1F,95,53320,74500,95000,83500,22840,M70,HighSpeed,HighSpeed,Just Flight (MSFS) - RJ70 Passenger
RJ85,Avro RJ85,RJ85,Avro RJ85,N085SB,085,LF 507-1F,100,54230,79000,93000,85000,20640,,,,Default
RJ85,Avro RJ85,624280_1720180363822,Avro RJ85,G-JUST,,LF 507-1F,112,55040,79000,97000,85000,22840,M70,HighSpeed,HighSpeed,Just Flight (MSFS) - RJ85 Passenger
RJ1H,Avro RJ100,RJ1H,Avro RJ100,N100SB,100,LF 507-1F,112,56530,82500,97500,88500,20640,,,,Default
RJ1H,Avro RJ100,624280_1720180848486,Avro RJ100,G-JUST,,LF 507-1F,112,57340,83500,101500,88500,22840,M70,HighSpeed,HighSpeed,Just Flight (MSFS) - RJ100 Passenger
RJ1H,Avro RJ100,624280_1752678882328,Avro RJ100 QT,G-JUST,,LF 507-1F,0,57210,80500,97500,86500,22840,M70,HighSpeed,HighSpeed,Just Flight (MSFS) - RJ100 QT
SB20,Saab 2000,3_1690663765144,Saab 2000,N200SB,200,AE 2100,50,14500,20000,22999,22000,4250,,,,Virtualcol Saab 2000 [credit: KevinAviationHD]
SF34,Saab 340B,SF34,Saab 340B,N340SB,340,GE CT7-9B,34,18752,26500,29000,28500,5690,,,,Default
SF50,Vision Jet,SF50,Vision Jet,N050SB,050,FJ33-5A,6,3711,4900,6000,5550,2000,,,,Default
SF50,Vision Jet,349674_1668992178449,Vision Jet,N22FX,,FJ33-5A,3,3730,4900,6000,5550,2000,,,,FlightFX (MSFS) - Executive [credit: Awemeter]
SF50,Vision Jet,349674_1669206892498,Vision Jet,N22FX,,FJ33-5A,5,3730,4900,6000,5550,2000,,,,FlightFX (MSFS) - Complete & Family [credit: Awemeter]
SH33,Short 330,SH33,Short 330,N330SB,330,PT6A-45B,33,14200,21140,22900,22800,3840,,,,Default
SH36,Short 360,SH36,Short 360,N360SB,360,PT6A-65R,36,15350,23140,26553,26400,3840,,,,Default
SR22,Cirrus SR22,SR22,Cirrus SR22,N225SB,225,IO-550-N,3,2269,3400,3600,3600,621,,,,Default
S22T,Cirrus SR22T,SR2T,Cirrus SR22T,N226SB,226,TSIO-550-K,3,2348,3400,3600,3600,621,,,,Default
STAR,Starship 2000A,STAR,Starship 2000A,N001SB,001,PT6A-67A,6,10085,12600,14900,13680,3752,,,,Default
SU95,Superjet 100,770964_1676714274794,Superjet 100,SU95LR,95001,SAM145,98,24250,40000,49450,41000,15804,,,,Headwind Simulations (MSFS) - SU95X Development
SW4,Metroliner,SW4,Metroliner,N133SB,133,TPE-331,19,8798,14000,16000,15500,4368,,,,Default
T134,Tu-134A-3,T134,Tu-134A-3,N134SB,134,D-30-III,84,66139,83776,108026,94799,31868,,,,Default
T154,Tu-154B2,T154,Tu-154B2,RA-154,154,False,180,115400,158400,215600,171600,87500,,,,Default
T154,Tu-154B2,3_1720024519482,Tu-154M,RA-85684,684,D-30KU-154,180,55300,71860,100000,78500,39700,False,False,False,Felis (X-Plane) - Tu-154M [credit: KevinAviationHD]
T204,Tu-204-100B,3_1703301531900,Tu-204-100B,P-633,633,PS-90A,210,56920,83575,103000,89500,24737,,,,Tupolev Tu-204-100B [credit: KevinAviationHD]
TBM8,TBM 850,TBM8,TBM 850,N850SB,850,PT6A-66D,6,4629,6032,7394,7024,1957,,,,Default
TBM9,TBM 900,TBM9,TBM 900,N900SB,900,PT6A-66D,6,4629,6032,7394,7024,1957,,,,Default
VC10,Vickers VC-10,3_1699482947291,Vickers VC-10,G-ASGA,100,RR CONWAY 550,176,156828,215000,335000,237000,155614,,,,Vickers VC-10 Super [credit: KevinAviationHD]
YK40,Yak-40,3_1720024824237,Yak-40,OM-BYL,040,AI-25,32,9400,13300,16000,16000,4455,M70,250/280/70,70/280/250,Felis (X-Plane) - Yak-40 [credit: KevinAviationHD]
YK42,Yak-42,3_1764963142310,Yak-42,RA-42438,438,D-36,107,34500,49000,57000,51000,18500,M80,250/310/78,80/280/250,Project Oblivion (X-Plane) - Yak-42D [credit: KevinAviationHD]
YS11,NAMC YS-11,YS11,NAMC YS-11,N111SB,111,DART MK.542-10,60,32811,49600,54010,52910,13326,,,,Default
